1.0,0.913,nan,nan,nan,nan,nan,1.0,nan,1.0,nan,nan,nan,nan,nan,1.0,1.0,0.962,1.0,1.0,nan,nan,0.987,nan,1.0,nan,nan,nan,0.878,nan,0.971,nan,nan,nan,1.0,nan,nan,1.0,1.0,nan,nan,nan,0.0,nan,0.945,nan,nan,nan,nan,nan,nan,1.0,nan,1.0,nan,0.0,nan,0.943,nan,nan,nan,nan,nan,nan,nan,nan,nan,nan,nan,nan,0.945,0.988,0.559
0.913,1.0,nan,0.225,0.337,0.875,0.0,0.288,nan,0.97,-0.218,0.394,-0.049,0.225,0.52,0.523,0.974,0.773,0.882,0.602,0.462,0.263,0.63,nan,0.868,0.375,0.559,0.255,0.44,0.266,0.568,0.623,0.178,0.577,0.919,0.258,0.364,0.73,0.0,nan,0.522,nan,0.035,-0.582,0.448,0.0,0.134,-0.061,nan,-0.866,nan,0.132,-0.333,0.545,0.0,-0.229,nan,0.645,nan,nan,nan,0.188,0.816,0.611,0.87,0.556,nan,0.319,0.375,0.123,0.466,0.807,0.097
nan,nan,1.0,0.5,0.756,nan,nan,0.54,nan,nan,1.0,-0.5,nan,1.0,-0.14,0.859,nan,nan,nan,0.5,nan,nan,1.0,-0.211,nan,nan,nan,1.0,-0.167,0.841,0.986,1.0,0.866,nan,nan,nan,0.883,1.0,0.535,nan,nan,nan,nan,nan,1.0,0.971,nan,-0.327,nan,nan,nan,nan,1.0,0.5,nan,0.879,1.0,nan,1.0,nan,1.0,0.707,-1.0,nan,nan,1.0,nan,nan,1.0,nan,0.62,1.0,0.75
nan,0.225,0.5,1.0,0.756,1.0,nan,0.459,nan,1.0,1.0,1.0,nan,-1.0,nan,0.965,nan,0.927,nan,nan,0.707,0.302,0.44,nan,0.866,0.866,0.866,1.0,0.5,0.75,nan,nan,0.971,0.943,nan,0.971,0.441,nan,0.523,nan,0.805,nan,0.923,0.0,0.678,nan,nan,-0.866,nan,-1.0,1.0,nan,0.132,0.945,0.189,-0.134,nan,0.196,0.189,nan,nan,0.559,0.961,0.182,nan,0.866,-1.0,-0.258,-0.5,0.5,0.368,0.814,0.376
nan,0.337,0.756,0.756,1.0,0.0,-0.866,0.331,-0.866,nan,1.0,-0.786,1.0,-0.971,-1.0,0.868,nan,0.577,-0.147,-0.655,nan,0.333,-0.14,0.277,1.0,nan,nan,0.5,-0.596,-0.054,-0.381,nan,0.693,nan,nan,nan,0.417,nan,0.046,0.832,nan,nan,0.756,nan,0.5,-1.0,-0.512,-1.0,nan,-0.866,0.058,-1.0,nan,0.5,nan,-0.106,nan,0.0,nan,-0.655,-1.0,1.0,1.0,0.577,-0.277,0.189,nan,-0.217,nan,nan,0.0,-0.577,-0.034
nan,0.875,nan,1.0,0.0,1.0,nan,0.408,nan,nan,nan,nan,nan,nan,nan,0.471,nan,nan,nan,nan,nan,0.5,1.0,nan,nan,nan,0.866,nan,0.0,nan,nan,nan,0.0,nan,nan,nan,nan,nan,nan,nan,nan,nan,1.0,0.5,1.0,nan,0.5,nan,nan,nan,nan,nan,nan,1.0,nan,-0.375,nan,nan,nan,nan,nan,nan,1.0,nan,nan,nan,nan,nan,nan,nan,nan,1.0,-0.25
nan,0.0,nan,nan,-0.866,nan,1.0,0.577,1.0,nan,nan,0.655,nan,nan,nan,nan,nan,nan,0.866,1.0,nan,nan,0.655,1.0,nan,nan,nan,nan,0.982,0.707,nan,0.5,1.0,nan,nan,nan,0.5,nan,1.0,nan,nan,nan,nan,nan,nan,1.0,0.853,1.0,nan,nan,1.0,nan,nan,nan,nan,0.968,nan,nan,nan,1.0,nan,nan,nan,nan,nan,nan,nan,0.866,nan,nan,1.0,0.956,1.0
1.0,0.288,0.54,0.459,0.331,0.408,0.577,1.0,0.522,0.903,0.174,0.408,0.132,-0.5,0.289,0.549,0.759,0.859,0.876,0.542,0.83,-0.167,0.809,0.679,0.982,-0.25,0.87,0.44,0.943,0.022,0.93,0.756,0.662,nan,0.816,nan,0.351,0.775,0.211,nan,0.5,nan,0.324,1.0,0.349,0.23,0.577,nan,nan,1.0,0.866,nan,0.645,0.745,0.663,0.257,0.577,0.662,0.816,0.0,0.577,0.5,-0.471,0.746,-1.0,0.878,0.5,0.408,-0.174,nan,0.92,0.725,0.481
nan,nan,nan,nan,-0.866,nan,1.0,0.522,1.0,nan,nan,0.655,nan,nan,-1.0,nan,nan,nan,0.866,1.0,nan,nan,-1.0,-1.0,nan,nan,nan,0.971,0.866,0.405,nan,nan,0.945,nan,nan,nan,0.5,1.0,0.333,nan,nan,nan,nan,nan,nan,1.0,1.0,1.0,nan,1.0,0.707,1.0,nan,0.0,nan,0.875,nan,-1.0,1.0,1.0,1.0,nan,nan,nan,1.0,1.0,0.5,0.982,nan,nan,0.456,1.0,0.775
1.0,0.97,nan,1.0,nan,nan,nan,0.903,nan,1.0,1.0,nan,nan,1.0,1.0,nan,1.0,0.908,1.0,0.945,nan,nan,0.994,1.0,nan,nan,nan,nan,0.817,0.707,1.0,nan,nan,nan,0.982,nan,nan,1.0,0.197,nan,nan,nan,nan,nan,0.866,nan,nan,1.0,nan,nan,nan,1.0,1.0,0.723,nan,-0.086,nan,0.977,nan,1.0,0.5,nan,nan,1.0,nan,nan,nan,nan,0.5,nan,0.939,0.99,0.616
nan,-0.218,1.0,1.0,1.0,nan,nan,0.174,nan,1.0,1.0,nan,nan,0.866,-1.0,1.0,nan,1.0,nan,1.0,1.0,nan,-0.5,nan,nan,1.0,nan,nan,nan,0.866,1.0,nan,nan,nan,nan,nan,nan,nan,0.982,nan,nan,nan,nan,nan,1.0,nan,nan,nan,nan,nan,nan,nan,1.0,1.0,nan,0.091,nan,-1.0,nan,nan,nan,nan,1.0,nan,nan,nan,nan,nan,nan,1.0,0.0,1.0,0.869
nan,0.394,-0.5,1.0,-0.786,nan,0.655,0.408,0.655,nan,nan,1.0,nan,0.115,0.662,nan,nan,1.0,1.0,0.707,nan,nan,0.926,1.0,nan,nan,nan,-0.5,0.833,0.523,nan,0.5,-0.5,nan,nan,nan,0.913,1.0,-0.241,nan,nan,nan,nan,-1.0,0.0,-1.0,0.945,1.0,nan,1.0,1.0,nan,nan,0.0,nan,0.439,nan,nan,nan,0.982,nan,1.0,0.982,nan,0.945,nan,nan,0.5,nan,nan,0.926,0.894,0.408
nan,-0.049,nan,nan,1.0,nan,nan,0.132,nan,nan,nan,nan,1.0,nan,nan,0.343,-1.0,0.0,nan,nan,1.0,nan,-0.063,1.0,0.0,nan,nan,nan,-1.0,1.0,-0.5,nan,nan,nan,-0.5,1.0,nan,nan,0.816,nan,nan,nan,1.0,nan,nan,nan,nan,nan,nan,nan,1.0,nan,nan,nan,nan,0.869,nan,nan,nan,nan,nan,nan,nan,1.0,1.0,nan,nan,-1.0,nan,1.0,0.0,nan,0.612
nan,0.225,1.0,-1.0,-0.971,nan,nan,-0.5,nan,1.0,0.866,0.115,nan,1.0,-0.866,0.945,nan,0.649,nan,0.945,nan,nan,0.448,nan,nan,1.0,nan,1.0,1.0,0.945,0.866,nan,1.0,1.0,nan,nan,0.0,nan,0.926,nan,nan,nan,nan,nan,1.0,nan,1.0,nan,nan,1.0,nan,1.0,nan,1.0,nan,0.421,nan,nan,nan,1.0,1.0,nan,0.5,nan,0.945,nan,nan,nan,1.0,nan,0.125,0.5,0.913
nan,0.52,-0.14,nan,-1.0,nan,nan,0.289,-1.0,1.0,-1.0,0.662,nan,-0.866,1.0,0.281,0.44,0.302,0.189,0.971,nan,nan,0.982,-1.0,nan,nan,nan,-0.7,-0.2,0.333,nan,nan,-0.571,nan,1.0,-1.0,-0.1,1.0,-0.401,nan,nan,nan,nan,nan,0.87,nan,-1.0,1.0,nan,nan,nan,nan,nan,0.14,nan,-0.316,nan,1.0,nan,nan,nan,0.84,nan,nan,-1.0,nan,nan,-0.5,nan,nan,0.76,0.522,-0.581
1.0,0.523,0.859,0.965,0.868,0.471,nan,0.549,nan,nan,1.0,nan,0.343,0.945,0.281,1.0,0.514,0.889,0.943,0.962,0.943,0.688,0.643,0.702,0.944,nan,0.982,0.953,0.633,0.892,0.859,0.982,0.321,0.816,0.866,0.645,0.827,-0.308,0.475,nan,0.945,nan,0.513,-0.361,0.597,1.0,nan,0.623,nan,0.693,1.0,nan,0.971,0.894,0.167,0.333,0.953,0.942,0.5,nan,1.0,0.657,0.945,0.535,0.905,1.0,nan,0.56,nan,0.945,0.762,0.904,0.592
1.0,0.974,nan,nan,nan,nan,nan,0.759,nan,1.0,nan,nan,-1.0,nan,0.44,0.514,1.0,0.971,1.0,0.577,nan,nan,0.918,nan,1.0,nan,nan,nan,0.756,nan,0.945,nan,nan,nan,1.0,nan,nan,1.0,-0.522,nan,nan,nan,-0.5,nan,0.866,nan,nan,nan,nan,nan,nan,nan,nan,0.5,nan,0.0,nan,1.0,nan,nan,nan,nan,nan,nan,nan,nan,nan,nan,nan,nan,0.875,1.0,0.456
0.962,0.773,nan,0.927,0.577,nan,nan,0.859,nan,0.908,1.0,1.0,0.0,0.649,0.302,0.889,0.971,1.0,0.962,0.878,1.0,nan,0.676,-0.302,1.0,nan,-0.5,0.866,0.548,-0.09,0.845,0.866,0.866,0.816,1.0,-0.115,0.62,0.693,0.213,-0.051,0.968,nan,-0.5,-0.448,0.843,1.0,-1.0,-0.333,nan,0.0,nan,0.5,nan,0.295,nan,-0.006,nan,0.927,nan,0.0,-1.0,nan,1.0,-0.333,0.911,nan,nan,0.378,0.333,0.5,0.707,0.813,0.433
1.0,0.882,nan,nan,-0.147,nan,0.866,0.876,0.866,1.0,nan,1.0,nan,nan,0.189,0.943,1.0,0.962,1.0,0.971,nan,nan,0.485,nan,nan,nan,nan,1.0,0.849,0.854,0.878,nan,0.962,nan,1.0,nan,0.388,1.0,0.577,nan,nan,nan,1.0,nan,1.0,nan,0.816,nan,nan,nan,1.0,0.5,nan,0.986,nan,-0.2,nan,1.0,1.0,nan,nan,nan,nan,nan,nan,1.0,nan,1.0,nan,nan,0.716,0.947,0.52
1.0,0.602,0.5,nan,-0.655,nan,1.0,0.542,1.0,0.945,1.0,0.707,nan,0.945,0.971,0.962,0.577,0.878,0.971,1.0,nan,-0.5,0.863,1.0,nan,0.5,1.0,1.0,0.971,0.712,0.961,0.5,nan,nan,0.878,nan,0.577,0.693,0.233,0.612,nan,nan,nan,nan,0.87,nan,1.0,1.0,nan,nan,nan,0.693,nan,0.636,nan,0.4,nan,0.816,nan,1.0,nan,1.0,0.756,nan,nan,nan,nan,nan,0.5,nan,0.745,0.976,0.767
nan,0.462,nan,0.707,nan,nan,nan,0.83,nan,nan,1.0,nan,1.0,nan,nan,0.943,nan,1.0,nan,nan,1.0,0.5,0.562,nan,nan,nan,1.0,nan,nan,0.143,nan,nan,nan,nan,nan,1.0,nan,nan,nan,nan,nan,nan,1.0,-1.0,0.943,nan,nan,0.5,nan,1.0,1.0,nan,nan,nan,-0.5,0.395,nan,0.866,nan,nan,nan,nan,nan,-0.333,1.0,nan,nan,0.688,nan,0.962,0.707,nan,0.587
nan,0.263,nan,0.302,0.333,0.5,nan,-0.167,nan,nan,nan,nan,nan,nan,nan,0.688,nan,nan,nan,-0.5,0.5,1.0,-0.457,nan,nan,nan,0.866,nan,nan,0.816,nan,-1.0,nan,nan,nan,nan,0.5,nan,nan,nan,nan,nan,0.866,nan,0.167,nan,1.0,nan,nan,nan,nan,nan,-1.0,nan,nan,0.612,nan,1.0,nan,nan,nan,nan,0.5,-1.0,nan,nan,nan,nan,nan,0.5,-0.522,-0.5,-0.657
0.987,0.63,1.0,0.44,-0.14,1.0,0.655,0.809,-1.0,0.994,-0.5,0.926,-0.063,0.448,0.982,0.643,0.918,0.676,0.485,0.863,0.562,-0.457,1.0,0.207,0.968,-0.102,0.24,0.866,0.9,0.207,0.89,0.71,1.0,0.477,0.996,-0.176,0.303,0.733,0.12,nan,0.194,nan,0.091,0.649,0.502,0.5,1.0,0.655,nan,0.801,-0.5,0.33,1.0,0.68,0.745,0.068,0.556,0.889,1.0,0.277,1.0,nan,0.87,0.458,0.802,1.0,nan,-0.158,-0.353,0.115,0.724,0.74,0.333
nan,nan,-0.211,nan,0.277,nan,1.0,0.679,-1.0,1.0,nan,1.0,1.0,nan,-1.0,0.702,nan,-0.302,nan,1.0,nan,nan,0.207,1.0,1.0,nan,nan,nan,0.945,0.242,0.894,0.0,1.0,nan,nan,nan,0.296,0.945,0.644,nan,1.0,nan,nan,nan,nan,-0.971,0.866,0.853,nan,0.721,0.866,-1.0,nan,0.982,1.0,0.455,1.0,0.775,nan,0.544,0.346,-0.5,nan,0.927,-1.0,nan,nan,nan,0.0,nan,0.764,1.0,0.683
1.0,0.868,nan,0.866,1.0,nan,nan,0.982,nan,nan,nan,nan,0.0,nan,nan,0.944,1.0,1.0,nan,nan,nan,nan,0.968,1.0,1.0,nan,nan,nan,nan,1.0,1.0,nan,nan,nan,1.0,nan,nan,nan,0.5,nan,nan,nan,-0.5,nan,0.971,nan,nan,nan,nan,nan,0.866,nan,nan,1.0,nan,-0.091,nan,0.866,nan,nan,nan,1.0,nan,1.0,nan,1.0,nan,-0.5,nan,nan,0.947,nan,0.563
nan,0.375,nan,0.866,nan,nan,nan,-0.25,nan,nan,1.0,nan,nan,1.0,nan,nan,nan,nan,nan,0.5,nan,nan,-0.102,nan,nan,1.0,nan,nan,nan,0.866,nan,nan,nan,nan,nan,nan,-0.333,nan,0.927,nan,nan,nan,nan,nan,1.0,nan,nan,nan,nan,nan,nan,nan,nan,1.0,nan,-0.238,nan,0.333,nan,nan,nan,nan,1.0,nan,nan,nan,nan,nan,0.0,nan,-0.395,0.5,0.408
nan,0.559,nan,0.866,nan,0.866,nan,0.87,nan,nan,nan,nan,nan,nan,nan,0.982,nan,-0.5,nan,1.0,1.0,0.866,0.24,nan,nan,nan,1.0,nan,1.0,0.866,nan,nan,0.5,nan,nan,nan,0.333,nan,nan,nan,nan,nan,1.0,1.0,0.866,-1.0,nan,0.5,nan,nan,nan,nan,nan,1.0,nan,0.174,nan,0.522,nan,nan,nan,nan,nan,-0.522,nan,nan,nan,nan,nan,1.0,-0.333,1.0,-0.375
nan,0.255,1.0,1.0,0.5,nan,nan,0.44,0.971,nan,nan,-0.5,nan,1.0,-0.7,0.953,nan,0.866,1.0,1.0,nan,nan,0.866,nan,nan,nan,nan,1.0,0.693,0.69,nan,nan,0.943,0.866,nan,nan,0.577,nan,nan,nan,nan,nan,nan,nan,-1.0,1.0,1.0,0.5,nan,nan,nan,nan,nan,nan,0.5,-0.091,nan,nan,1.0,nan,nan,nan,1.0,nan,1.0,nan,nan,0.945,nan,nan,0.577,0.35,0.857
0.878,0.44,-0.167,0.5,-0.596,0.0,0.982,0.943,0.866,0.817,nan,0.833,-1.0,1.0,-0.2,0.633,0.756,0.548,0.849,0.971,nan,nan,0.9,0.945,nan,nan,1.0,0.693,1.0,0.848,1.0,1.0,0.7,nan,1.0,-0.5,0.577,0.846,0.962,nan,nan,nan,1.0,-0.5,0.5,nan,0.949,0.866,nan,nan,1.0,1.0,nan,0.867,nan,0.27,nan,0.683,nan,1.0,0.756,nan,nan,0.5,0.866,nan,nan,0.336,nan,nan,0.943,0.939,0.739
nan,0.266,0.841,0.75,-0.054,nan,0.707,0.022,0.405,0.707,0.866,0.523,1.0,0.945,0.333,0.892,nan,-0.09,0.854,0.712,0.143,0.816,0.207,0.242,1.0,0.866,0.866,0.69,0.848,1.0,0.892,0.694,0.816,-1.0,nan,nan,0.873,1.0,0.702,0.747,nan,nan,1.0,-1.0,0.276,0.813,1.0,0.506,nan,1.0,0.707,1.0,0.982,0.786,0.826,0.703,1.0,nan,0.973,1.0,0.994,0.667,0.756,0.0,1.0,0.892,1.0,0.388,0.87,0.756,0.711,0.385,0.619
0.971,0.568,0.986,nan,-0.381,nan,nan,0.93,nan,1.0,1.0,nan,-0.5,0.866,nan,0.859,0.945,0.845,0.878,0.961,nan,nan,0.89,0.894,1.0,nan,nan,nan,1.0,0.892,1.0,1.0,nan,nan,0.816,nan,1.0,0.961,0.5,nan,nan,nan,-1.0,nan,0.945,nan,1.0,1.0,nan,1.0,1.0,0.866,nan,1.0,nan,0.474,1.0,1.0,1.0,nan,1.0,nan,nan,nan,nan,1.0,nan,nan,nan,nan,0.996,0.928,0.693
nan,0.623,1.0,nan,nan,nan,0.5,0.756,nan,nan,nan,0.5,nan,nan,nan,0.982,nan,0.866,nan,0.5,nan,-1.0,0.71,0.0,nan,nan,nan,nan,1.0,0.694,1.0,1.0,nan,nan,nan,nan,0.839,1.0,nan,nan,nan,nan,nan,-1.0,0.866,0.945,nan,1.0,nan,1.0,nan,nan,nan,nan,nan,0.834,1.0,nan,nan,nan,1.0,nan,nan,nan,1.0,nan,nan,1.0,nan,1.0,0.954,0.997,0.813
nan,0.178,0.866,0.971,0.693,0.0,1.0,0.662,0.945,nan,nan,-0.5,nan,1.0,-0.571,0.321,nan,0.866,0.962,nan,nan,nan,1.0,1.0,nan,nan,0.5,0.943,0.7,0.816,nan,nan,1.0,nan,nan,1.0,0.8,nan,0.577,nan,nan,nan,nan,nan,1.0,1.0,0.971,1.0,nan,nan,nan,nan,nan,0.577,nan,0.171,nan,nan,0.945,nan,nan,1.0,1.0,nan,1.0,1.0,0.0,0.962,nan,nan,0.577,0.434,0.626
nan,0.577,nan,0.943,nan,nan,nan,nan,nan,nan,nan,nan,nan,1.0,nan,0.816,nan,0.816,nan,nan,nan,nan,0.477,nan,nan,nan,nan,0.866,nan,-1.0,nan,nan,nan,1.0,nan,1.0,0.866,nan,nan,nan,0.971,nan,nan,nan,-0.5,nan,nan,nan,nan,-1.0,nan,nan,nan,nan,0.189,-0.324,nan,nan,nan,nan,nan,nan,1.0,nan,nan,nan,nan,nan,nan,nan,0.0,1.0,0.791
1.0,0.919,nan,nan,nan,nan,nan,0.816,nan,0.982,nan,nan,-0.5,nan,1.0,0.866,1.0,1.0,1.0,0.878,nan,nan,0.996,nan,1.0,nan,nan,nan,1.0,nan,0.816,nan,nan,nan,1.0,nan,nan,1.0,-0.196,nan,nan,nan,-1.0,nan,1.0,nan,nan,nan,nan,nan,nan,0.5,nan,0.5,nan,-0.25,nan,1.0,nan,nan,nan,nan,nan,nan,nan,nan,nan,nan,nan,nan,0.826,0.951,0.408
nan,0.258,nan,0.971,nan,nan,nan,nan,nan,nan,nan,nan,1.0,nan,-1.0,0.645,nan,-0.115,nan,nan,1.0,nan,-0.176,nan,nan,nan,nan,nan,-0.5,nan,nan,nan,1.0,1.0,nan,1.0,1.0,nan,nan,nan,1.0,nan,nan,-0.5,0.192,nan,nan,nan,nan,nan,nan,nan,nan,nan,nan,-0.373,nan,nan,nan,nan,nan,nan,1.0,nan,nan,nan,nan,1.0,nan,nan,-0.5,0.5,nan
nan,0.364,0.883,0.441,0.417,nan,0.5,0.351,0.5,nan,nan,0.913,nan,0.0,-0.1,0.827,nan,0.62,0.388,0.577,nan,0.5,0.303,0.296,nan,-0.333,0.333,0.577,0.577,0.873,1.0,0.839,0.8,0.866,nan,1.0,1.0,-0.132,-0.146,0.0,0.968,nan,nan,-0.5,-0.408,0.943,1.0,0.87,nan,0.872,1.0,nan,0.993,-0.088,0.327,0.753,1.0,0.0,0.866,0.577,1.0,0.875,0.866,0.408,0.866,0.846,nan,0.957,0.87,nan,0.557,0.394,0.62
1.0,0.73,1.0,nan,nan,nan,nan,0.775,1.0,1.0,nan,1.0,nan,nan,1.0,-0.308,1.0,0.693,1.0,0.693,nan,nan,0.733,0.945,nan,nan,nan,nan,0.846,1.0,0.961,1.0,nan,nan,1.0,nan,-0.132,1.0,0.73,nan,nan,nan,nan,nan,nan,nan,nan,0.327,nan,1.0,nan,1.0,-1.0,0.961,1.0,0.305,nan,0.693,nan,nan,1.0,-1.0,nan,nan,nan,nan,nan,nan,1.0,nan,0.824,0.933,0.447
1.0,0.0,0.535,0.523,0.046,nan,1.0,0.211,0.333,0.197,0.982,-0.241,0.816,0.926,-0.401,0.475,-0.522,0.213,0.577,0.233,nan,nan,0.12,0.644,0.5,0.927,nan,nan,0.962,0.702,0.5,nan,0.577,nan,-0.196,nan,-0.146,0.73,1.0,nan,0.693,nan,1.0,nan,0.52,nan,1.0,0.238,nan,0.5,1.0,0.577,0.756,0.801,0.662,0.31,nan,0.134,0.866,0.645,0.5,0.125,-0.258,0.873,0.866,1.0,-0.333,nan,0.346,nan,0.252,0.308,0.402
nan,nan,nan,nan,0.832,nan,nan,nan,nan,nan,nan,nan,nan,nan,nan,nan,nan,-0.051,nan,0.612,nan,nan,nan,nan,nan,nan,nan,nan,nan,0.747,nan,nan,nan,nan,nan,nan,0.0,nan,nan,1.0,nan,nan,nan,nan,nan,nan,nan,nan,nan,nan,nan,nan,nan,nan,nan,nan,nan,nan,nan,nan,nan,nan,nan,nan,nan,nan,nan,nan,nan,nan,0.325,-0.0,nan
nan,0.522,nan,0.805,nan,nan,nan,0.5,nan,nan,nan,nan,nan,nan,nan,0.945,nan,0.968,nan,nan,nan,nan,0.194,1.0,nan,nan,nan,nan,nan,nan,nan,nan,nan,0.971,nan,1.0,0.968,nan,0.693,nan,1.0,nan,nan,-1.0,nan,nan,nan,nan,nan,-0.5,nan,nan,nan,nan,1.0,-0.169,nan,0.0,nan,nan,nan,nan,nan,0.577,1.0,nan,nan,nan,1.0,nan,0.443,1.0,0.484
nan,nan,nan,nan,nan,nan,nan,nan,nan,nan,nan,nan,nan,nan,nan,nan,nan,nan,nan,nan,nan,nan,nan,nan,nan,nan,nan,nan,nan,nan,nan,nan,nan,nan,nan,nan,nan,nan,nan,nan,nan,nan,nan,nan,nan,nan,nan,nan,nan,nan,nan,nan,nan,nan,nan,nan,nan,nan,nan,nan,nan,nan,nan,nan,nan,nan,nan,nan,nan,nan,nan,nan,nan
0.0,0.035,nan,0.923,0.756,1.0,nan,0.324,nan,nan,nan,nan,1.0,nan,nan,0.513,-0.5,-0.5,1.0,nan,1.0,0.866,0.091,nan,-0.5,nan,1.0,nan,1.0,1.0,-1.0,nan,nan,nan,-1.0,nan,nan,nan,1.0,nan,nan,nan,1.0,1.0,0.324,nan,nan,-1.0,nan,nan,nan,nan,nan,1.0,nan,0.659,nan,0.289,nan,nan,nan,1.0,nan,-0.258,nan,1.0,nan,nan,nan,1.0,-0.503,0.655,-0.294
nan,-0.582,nan,0.0,nan,0.5,nan,1.0,nan,nan,nan,-1.0,nan,nan,nan,-0.361,nan,-0.448,nan,nan,-1.0,nan,0.649,nan,nan,nan,1.0,nan,-0.5,-1.0,nan,-1.0,nan,nan,nan,-0.5,-0.5,nan,nan,nan,-1.0,nan,1.0,1.0,-0.474,nan,nan,nan,nan,nan,nan,nan,nan,nan,nan,-0.228,nan,nan,nan,nan,nan,nan,nan,nan,-0.5,nan,nan,-1.0,nan,-1.0,nan,-0.327,0.102
0.945,0.448,1.0,0.678,0.5,1.0,nan,0.349,nan,0.866,1.0,0.0,nan,1.0,0.87,0.597,0.866,0.843,1.0,0.87,0.943,0.167,0.502,nan,0.971,1.0,0.866,-1.0,0.5,0.276,0.945,0.866,1.0,-0.5,1.0,0.192,-0.408,nan,0.52,nan,nan,nan,0.324,-0.474,1.0,nan,1.0,nan,nan,nan,nan,nan,0.5,0.962,-1.0,-0.21,nan,0.74,nan,nan,nan,nan,0.316,0.0,nan,nan,-1.0,0.808,1.0,0.688,0.626,0.564,0.476
nan,0.0,0.971,nan,-1.0,nan,1.0,0.23,1.0,nan,nan,-1.0,nan,nan,nan,1.0,nan,1.0,nan,nan,nan,nan,0.5,-0.971,nan,nan,-1.0,1.0,nan,0.813,nan,0.945,1.0,nan,nan,nan,0.943,nan,nan,nan,nan,nan,nan,nan,nan,1.0,nan,nan,nan,nan,nan,nan,nan,nan,nan,0.933,1.0,nan,1.0,1.0,1.0,nan,nan,-0.316,nan,1.0,nan,0.982,nan,nan,0.707,0.929,0.843
nan,0.134,nan,nan,-0.512,0.5,0.853,0.577,1.0,nan,nan,0.945,nan,1.0,-1.0,nan,nan,-1.0,0.816,1.0,nan,1.0,1.0,0.866,nan,nan,nan,1.0,0.949,1.0,1.0,nan,0.971,nan,nan,nan,1.0,nan,1.0,nan,nan,nan,nan,nan,1.0,nan,1.0,nan,nan,nan,1.0,nan,nan,nan,nan,0.853,nan,nan,nan,1.0,1.0,nan,1.0,nan,nan,nan,nan,0.816,nan,nan,nan,0.961,0.786
nan,-0.061,-0.327,-0.866,-1.0,nan,1.0,nan,1.0,1.0,nan,1.0,nan,nan,1.0,0.623,nan,-0.333,nan,1.0,0.5,nan,0.655,0.853,nan,nan,0.5,0.5,0.866,0.506,1.0,1.0,1.0,nan,nan,nan,0.87,0.327,0.238,nan,nan,nan,-1.0,nan,nan,nan,nan,1.0,nan,nan,1.0,nan,nan,0.866,-1.0,0.34,nan,nan,nan,1.0,1.0,0.229,nan,nan,nan,nan,nan,nan,0.333,nan,0.676,1.0,0.676
nan,nan,nan,nan,nan,nan,nan,nan,nan,nan,nan,nan,nan,nan,nan,nan,nan,nan,nan,nan,nan,nan,nan,nan,nan,nan,nan,nan,nan,nan,nan,nan,nan,nan,nan,nan,nan,nan,nan,nan,nan,nan,nan,nan,nan,nan,nan,nan,nan,nan,nan,nan,nan,nan,nan,nan,nan,nan,nan,nan,nan,nan,nan,nan,nan,nan,nan,nan,nan,nan,nan,nan,nan
nan,-0.866,nan,-1.0,-0.866,nan,nan,1.0,1.0,nan,nan,1.0,nan,1.0,nan,0.693,nan,0.0,nan,nan,1.0,nan,0.801,0.721,nan,nan,nan,nan,nan,1.0,1.0,1.0,nan,-1.0,nan,nan,0.872,1.0,0.5,nan,-0.5,nan,nan,nan,nan,nan,nan,nan,nan,1.0,nan,1.0,nan,-1.0,nan,0.998,nan,0.5,1.0,1.0,1.0,nan,nan,nan,0.866,1.0,nan,nan,nan,1.0,0.855,0.573,0.867
nan,nan,nan,1.0,0.058,nan,1.0,0.866,0.707,nan,nan,1.0,1.0,nan,nan,1.0,nan,nan,1.0,nan,1.0,nan,-0.5,0.866,0.866,nan,nan,nan,1.0,0.707,1.0,nan,nan,nan,nan,nan,1.0,nan,1.0,nan,nan,nan,nan,nan,nan,nan,1.0,1.0,nan,nan,1.0,nan,nan,nan,nan,0.944,nan,nan,nan,nan,nan,nan,nan,1.0,nan,-1.0,nan,0.0,nan,nan,0.985,1.0,0.643
1.0,0.132,nan,nan,-1.0,nan,nan,nan,1.0,1.0,nan,nan,nan,1.0,nan,nan,nan,0.5,0.5,0.693,nan,nan,0.33,-1.0,nan,nan,nan,nan,1.0,1.0,0.866,nan,nan,nan,0.5,nan,nan,1.0,0.577,nan,nan,nan,nan,nan,nan,nan,nan,nan,nan,1.0,nan,1.0,nan,0.189,nan,0.816,nan,0.277,nan,1.0,nan,nan,nan,nan,1.0,nan,nan,nan,nan,nan,0.522,0.629,0.333
nan,-0.333,1.0,0.132,nan,nan,nan,0.645,nan,1.0,1.0,nan,nan,nan,nan,0.971,nan,nan,nan,nan,nan,-1.0,1.0,nan,nan,nan,nan,nan,nan,0.982,nan,nan,nan,nan,nan,nan,0.993,-1.0,0.756,nan,nan,nan,nan,nan,0.5,nan,nan,nan,nan,nan,nan,nan,1.0,0.5,nan,0.699,1.0,nan,1.0,nan,1.0,nan,nan,1.0,nan,1.0,nan,nan,nan,nan,0.853,0.971,1.0
1.0,0.545,0.5,0.945,0.5,1.0,nan,0.745,0.0,0.723,1.0,0.0,nan,1.0,0.14,0.894,0.5,0.295,0.986,0.636,nan,nan,0.68,0.982,1.0,1.0,1.0,nan,0.867,0.786,1.0,nan,0.577,nan,0.5,nan,-0.088,0.961,0.801,nan,nan,nan,1.0,nan,0.962,nan,nan,0.866,nan,-1.0,nan,0.189,0.5,1.0,0.866,0.15,nan,0.685,nan,0.0,0.5,0.0,1.0,0.707,-1.0,nan,0.5,nan,0.866,nan,0.532,0.768,0.754
nan,0.0,nan,0.189,nan,nan,nan,0.663,nan,nan,nan,nan,nan,nan,nan,0.167,nan,nan,nan,nan,-0.5,nan,0.745,1.0,nan,nan,nan,0.5,nan,0.826,nan,nan,nan,0.189,nan,nan,0.327,1.0,0.662,nan,1.0,nan,nan,nan,-1.0,nan,nan,-1.0,nan,nan,nan,nan,nan,0.866,1.0,0.928,nan,0.756,nan,nan,nan,-1.0,nan,0.756,nan,nan,nan,-1.0,nan,nan,0.722,nan,0.354
0.0,-0.229,0.879,-0.134,-0.106,-0.375,0.968,0.257,0.875,-0.086,0.091,0.439,0.869,0.421,-0.316,0.333,0.0,-0.006,-0.2,0.4,0.395,0.612,0.068,0.455,-0.091,-0.238,0.174,-0.091,0.27,0.703,0.474,0.834,0.171,-0.324,-0.25,-0.373,0.753,0.305,0.31,nan,-0.169,nan,0.659,-0.228,-0.21,0.933,0.853,0.34,nan,0.998,0.944,0.816,0.699,0.15,0.928,1.0,0.964,0.354,0.968,0.845,0.976,0.228,-0.3,0.28,0.707,0.982,0.791,0.806,0.796,0.522,0.446,0.273,0.571
nan,nan,1.0,nan,nan,nan,nan,0.577,nan,nan,nan,nan,nan,nan,nan,0.953,nan,nan,nan,nan,nan,nan,0.556,1.0,nan,nan,nan,nan,nan,1.0,1.0,1.0,nan,nan,nan,nan,1.0,nan,nan,nan,nan,nan,nan,nan,nan,1.0,nan,nan,nan,nan,nan,nan,1.0,nan,nan,0.964,1.0,nan,nan,nan,1.0,nan,nan,nan,nan,nan,nan,nan,nan,nan,0.866,0.971,0.791
0.943,0.645,nan,0.196,0.0,nan,nan,0.662,-1.0,0.977,-1.0,nan,nan,nan,1.0,0.942,1.0,0.927,1.0,0.816,0.866,1.0,0.889,0.775,0.866,0.333,0.522,nan,0.683,nan,1.0,nan,nan,nan,1.0,nan,0.0,0.693,0.134,nan,0.0,nan,0.289,nan,0.74,nan,nan,nan,nan,0.5,nan,0.277,nan,0.685,0.756,0.354,nan,1.0,nan,-0.5,nan,nan,nan,0.0,-1.0,nan,nan,nan,nan,0.866,0.804,0.932,0.338
nan,nan,1.0,0.189,nan,nan,nan,0.816,1.0,nan,nan,nan,nan,nan,nan,0.5,nan,nan,1.0,nan,nan,nan,1.0,nan,nan,nan,nan,1.0,nan,0.973,1.0,nan,0.945,nan,nan,nan,0.866,nan,0.866,nan,nan,nan,nan,nan,nan,1.0,nan,nan,nan,1.0,nan,nan,1.0,nan,nan,0.968,nan,nan,1.0,nan,1.0,1.0,nan,1.0,nan,0.956,nan,nan,nan,nan,0.853,-0.5,0.786
nan,nan,nan,nan,-0.655,nan,1.0,0.0,1.0,1.0,nan,0.982,nan,1.0,nan,nan,nan,0.0,nan,1.0,nan,nan,0.277,0.544,nan,nan,nan,nan,1.0,1.0,nan,nan,nan,nan,nan,nan,0.577,nan,0.645,nan,nan,nan,nan,nan,nan,1.0,1.0,1.0,nan,1.0,nan,1.0,nan,0.0,nan,0.845,nan,-0.5,nan,1.0,1.0,nan,1.0,nan,0.866,nan,nan,nan,nan,nan,0.577,1.0,0.645
nan,nan,1.0,nan,-1.0,nan,nan,0.577,1.0,0.5,nan,nan,nan,1.0,nan,1.0,nan,-1.0,nan,nan,nan,nan,1.0,0.346,nan,nan,nan,nan,0.756,0.994,1.0,1.0,nan,nan,nan,nan,1.0,1.0,0.5,nan,nan,nan,nan,nan,nan,1.0,1.0,1.0,nan,1.0,nan,nan,1.0,0.5,nan,0.976,1.0,nan,1.0,1.0,1.0,nan,nan,nan,nan,1.0,0.5,nan,nan,nan,0.926,1.0,0.868
nan,0.188,0.707,0.559,1.0,nan,nan,0.5,nan,nan,nan,1.0,nan,nan,0.84,0.657,nan,nan,nan,1.0,nan,nan,nan,-0.5,1.0,nan,nan,nan,nan,0.667,nan,nan,1.0,nan,nan,nan,0.875,-1.0,0.125,nan,nan,nan,1.0,nan,nan,nan,nan,0.229,nan,nan,nan,nan,nan,0.0,-1.0,0.228,nan,nan,1.0,nan,nan,1.0,nan,0.408,nan,1.0,nan,nan,nan,nan,0.513,nan,0.372
nan,0.816,-1.0,0.961,1.0,1.0,nan,-0.471,nan,nan,1.0,0.982,nan,0.5,nan,0.945,nan,1.0,nan,0.756,nan,0.5,0.87,nan,nan,1.0,nan,1.0,nan,0.756,nan,nan,1.0,1.0,nan,1.0,0.866,nan,-0.258,nan,nan,nan,nan,nan,0.316,nan,1.0,nan,nan,nan,nan,nan,nan,1.0,nan,-0.3,nan,nan,nan,1.0,nan,nan,1.0,nan,nan,nan,nan,nan,nan,nan,0.0,0.951,0.514
nan,0.611,nan,0.182,0.577,nan,nan,0.746,nan,1.0,nan,nan,1.0,nan,nan,0.535,nan,-0.333,nan,nan,-0.333,-1.0,0.458,0.927,1.0,nan,-0.522,nan,0.5,0.0,nan,nan,nan,nan,nan,nan,0.408,nan,0.873,nan,0.577,nan,-0.258,nan,0.0,-0.316,nan,nan,nan,nan,1.0,nan,1.0,0.707,0.756,0.28,nan,0.0,1.0,nan,nan,0.408,nan,1.0,nan,1.0,nan,nan,nan,-0.333,0.88,nan,0.942
nan,0.87,nan,nan,-0.277,nan,nan,-1.0,1.0,nan,nan,0.945,1.0,0.945,-1.0,0.905,nan,0.911,nan,nan,1.0,nan,0.802,-1.0,nan,nan,nan,1.0,0.866,1.0,nan,1.0,1.0,nan,nan,nan,0.866,nan,0.866,nan,1.0,nan,nan,-0.5,nan,nan,nan,nan,nan,0.866,nan,1.0,nan,-1.0,nan,0.707,nan,-1.0,nan,0.866,nan,nan,nan,nan,1.0,nan,nan,1.0,nan,1.0,0.866,1.0,0.913
nan,0.556,1.0,0.866,0.189,nan,nan,0.878,1.0,nan,nan,nan,nan,nan,nan,1.0,nan,nan,1.0,nan,nan,nan,1.0,nan,1.0,nan,nan,nan,nan,0.892,1.0,nan,1.0,nan,nan,nan,0.846,nan,1.0,nan,nan,nan,1.0,nan,nan,1.0,nan,nan,nan,1.0,-1.0,nan,1.0,nan,nan,0.982,nan,nan,0.956,nan,1.0,1.0,nan,1.0,nan,1.0,nan,0.756,nan,nan,0.968,1.0,0.953
nan,nan,nan,-1.0,nan,nan,nan,0.5,0.5,nan,nan,nan,nan,nan,nan,nan,nan,nan,nan,nan,nan,nan,nan,nan,nan,nan,nan,nan,nan,1.0,nan,nan,0.0,nan,nan,nan,nan,nan,-0.333,nan,nan,nan,nan,nan,-1.0,nan,nan,nan,nan,nan,nan,nan,nan,0.5,nan,0.791,nan,nan,nan,nan,0.5,nan,nan,nan,nan,nan,1.0,nan,nan,nan,0.0,nan,-0.25
nan,0.319,nan,-0.258,-0.217,nan,0.866,0.408,0.982,nan,nan,0.5,-1.0,nan,-0.5,0.56,nan,0.378,1.0,nan,0.688,nan,-0.158,nan,-0.5,nan,nan,0.945,0.336,0.388,nan,1.0,0.962,nan,nan,1.0,0.957,nan,nan,nan,nan,nan,nan,-1.0,0.808,0.982,0.816,nan,nan,nan,0.0,nan,nan,nan,-1.0,0.806,nan,nan,nan,nan,nan,nan,nan,nan,1.0,0.756,nan,1.0,nan,nan,0.0,0.971,0.69
nan,0.375,1.0,-0.5,nan,nan,nan,-0.174,nan,0.5,nan,nan,nan,1.0,nan,nan,nan,0.333,nan,0.5,nan,nan,-0.353,0.0,nan,0.0,nan,nan,nan,0.87,nan,nan,nan,nan,nan,nan,0.87,1.0,0.346,nan,1.0,nan,nan,nan,1.0,nan,nan,0.333,nan,nan,nan,nan,nan,0.866,nan,0.796,nan,nan,nan,nan,nan,nan,nan,nan,nan,nan,nan,nan,1.0,nan,0.198,0.5,0.375
nan,0.123,nan,0.5,nan,nan,nan,nan,nan,nan,1.0,nan,1.0,nan,nan,0.945,nan,0.5,nan,nan,0.962,0.5,0.115,nan,nan,nan,1.0,nan,nan,0.756,nan,1.0,nan,nan,nan,nan,nan,nan,nan,nan,nan,nan,1.0,-1.0,0.688,nan,nan,nan,nan,1.0,nan,nan,nan,nan,nan,0.522,nan,0.866,nan,nan,nan,nan,nan,-0.333,1.0,nan,nan,nan,nan,1.0,0.258,nan,0.456
0.945,0.466,0.62,0.368,0.0,nan,1.0,0.92,0.456,0.939,0.0,0.926,0.0,0.125,0.76,0.762,0.875,0.707,0.716,0.745,0.707,-0.522,0.724,0.764,0.947,-0.395,-0.333,0.577,0.943,0.711,0.996,0.954,0.577,0.0,0.826,-0.5,0.557,0.824,0.252,0.325,0.443,nan,-0.503,nan,0.626,0.707,nan,0.676,nan,0.855,0.985,0.522,0.853,0.532,0.722,0.446,0.866,0.804,0.853,0.577,0.926,0.513,0.0,0.88,0.866,0.968,0.0,0.0,0.198,0.258,1.0,0.819,0.605
0.988,0.807,1.0,0.814,-0.577,1.0,0.956,0.725,1.0,0.99,1.0,0.894,nan,0.5,0.522,0.904,1.0,0.813,0.947,0.976,nan,-0.5,0.74,1.0,nan,0.5,1.0,0.35,0.939,0.385,0.928,0.997,0.434,1.0,0.951,0.5,0.394,0.933,0.308,-0.0,1.0,nan,0.655,-0.327,0.564,0.929,0.961,1.0,nan,0.573,1.0,0.629,0.971,0.768,nan,0.273,0.971,0.932,-0.5,1.0,1.0,nan,0.951,nan,1.0,1.0,nan,0.971,0.5,nan,0.819,1.0,0.617
0.559,0.097,0.75,0.376,-0.034,-0.25,1.0,0.481,0.775,0.616,0.869,0.408,0.612,0.913,-0.581,0.592,0.456,0.433,0.52,0.767,0.587,-0.657,0.333,0.683,0.563,0.408,-0.375,0.857,0.739,0.619,0.693,0.813,0.626,0.791,0.408,nan,0.62,0.447,0.402,nan,0.484,nan,-0.294,0.102,0.476,0.843,0.786,0.676,nan,0.867,0.643,0.333,1.0,0.754,0.354,0.571,0.791,0.338,0.786,0.645,0.868,0.372,0.514,0.942,0.913,0.953,-0.25,0.69,0.375,0.456,0.605,0.617,1.0
