post_id	Wen Xin	Linyan Ge	Bicheng
cin8eq0	3	0	3
dkxb2w9	1	1	2
d5qmdl1	-2	-2	-3
cb3sqxx	3	3	2
cb4ptm4	0	1	0
d5lp2f1	1	-2	-3
ctjmfap	0	1	2
dkmywqj	2	2	3
ctcbouj	0	0	0
cspyvac	0	0	0
csstbfs	2	1	3
ct7pekm	-1	2	0
d5rav4v	1	0	1
c0v6nip	2	1	1
c5cqf79	-1	0	1
ciowiyn	-2	-3	-3
d5ezwza	1	2	1
d4vrgaw	1	1	0
dkgel6y	-2	0	0
cstvxe5	2	1	-1
ciyqcb1	3	2	2
dkx2ecd	2	0	2
cszpjmm	-1	2	0
d5mjh3f	0	0	2
cb2sbvi	2	1	3
dkpy2vm	0	0	-2
cb5n3za	1	1	1
dkh9j9n	1	0	0
ciwdkul	-1	-1	0
cbca7tq	3	0	0
cst1xxv	3	3	1
d51eih6	3	1	1
ciox8q7	2	1	1
d5vf5o3	3	2	0
dkvzg4u	3	2	0
csxdj8r	3	2	1
d500qj5	-1	2	0
c5d8ta0	2	1	-1
dk1z1om	-2	2	0
civ41hx	3	2	1
ctczro1	2	1	-1
d5jpz0o	3	2	0
d5x2squ	1	1	0
dkymom3	3	2	1
dk7z8lp	0	0	1
djuuoxu	3	2	0
djtzj2i	1	1	1
cthwi0h	-2	0	0
d5dnrhk	1	0	1
csuel8v	-2	2	0
ct8k2pw	3	1	0
dkdvj93	2	1	2
dk91aav	1	0	0
djynk7c	3	3	0
dkqrai8	2	1	0
djr0jdd	2	1	1
cj0agv8	2	1	-1
caxliji	3	1	0
djqqecb	1	1	0
djsi4gh	1	1	-2
d5iui83	3	2	2
csyna2m	1	1	0
d522o9l	1	1	0
d5htyvf	3	2	1
djvgrma	2	1	1
djnrj6j	3	3	2
cayl8u9	-1	2	-3
dkf0mn1	3	1	0
dkbpm24	2	1	0
dkqzifz	3	0	0
c25n2ff	1	1	-1
d5jtpwj	3	0	0
c5lnho8	2	1	0
dkluvd6	-1	0	0
ctaatcn	3	0	0
d5y91r4	-2	0	-1
d52s26x	0	0	1
djmn4c9	2	0	1
dkkj7dn	2	1	1
cba7qun	3	2	2
cszm1if	2	1	-1
csohdfh	0	2	0
cb8qkm4	-1	-1	1
dkshkt2	2	1	2
cbdnk7k	0	0	0
cb1r5xr	3	1	1
ct10l33	3	2	1
dk76btd	3	2	2
ct2xwem	1	1	2
cbb3es9	3	2	1
dk4cgh6	2	1	1
d5g7djj	2	1	1
dk1x4tu	3	1	1
d56wopu	0	0	1
d4zhjon	2	1	0
ctizvet	2	-1	0
csxkvns	-3	2	3
c22zzsh	-1	-1	2
cjbxlxi	-1	0	1
c5h91fi	1	0	1
djr1wy4	-2	0	-1
dkt39zj	3	1	0
dk4p337	2	1	1
ciock9d	3	1	1
cinmdep	3	2	3
d55eypz	2	1	1
cirhyvw	3	0	1
cj2m9f8	2	2	0
d547zw7	1	1	0
dkl4xih	3	1	0
d53u1ms	2	1	1
ciydf3h	1	1	1
d5g88l5	1	2	0
d5e2e5i	2	2	2
dkx5mji	2	1	0
d57i0d9	3	1	1
ciseaje	0	1	0
d50wcxh	2	2	1
cjay9ys	1	-1	1
ct9fi1n	0	0	0
cb4bsse	-1	0	0
d5rukp4	2	0	0
ctfdgcg	3	1	0
djuar2x	2	1	1
djps679	2	2	1
c253tb4	2	1	0
csynnca	2	1	0
ctlzegc	3	2	2
d5ybmic	-3	1	0
d53tqee	1	0	0
dkmva7k	2	1	0
cj7wlq6	2	1	0
d5rmo8c	2	1	2
dkwddex	1	0	1
ct9tltp	3	2	2
ctecbms	2	2	1
d5h87ky	2	1	0
d4wy7j7	3	1	0
dkgbkvo	-2	1	0
djw6b70	2	0	0
dk2qdzi	2	0	0
dk0ac05	-1	0	0
cstksti	2	1	1
dkb83zu	3	2	2
d4yv741	2	1	1
dkb992h	1	2	2
ctbp9n4	2	2	0
dk85oxa	2	0	1
dkkfqjf	1	1	0
cixz9y4	2	2	2
d54ye1o	1	0	1
ctkm7ui	3	1	1
d4vggqn	1	1	1
d51tkzb	2	1	1
d56ogp7	2	1	2
djv35b4	2	1	0
c5kp5wm	1	0	0
csyadfl	-1	-1	0
d4v6yh2	-1	0	-1
cim429y	2	1	0
ctazmk5	1	0	-1
ctf5r3g	3	2	2
ciuov32	1	0	0
ctg6cs3	3	0	0
cb90hpb	3	1	1
d4zvhk9	1	0	1
cj0et8s	3	1	0
ctfw33i	3	3	3
csuft5d	1	1	0
cj2o2xw	2	2	1
cj7mpds	1	1	0
cawgfwz	2	0	0
dkhrp25	1	1	1
d56tjuy	2	1	3
dkgx2ku	2	0	0
d5fgbf6	1	0	0
dkgougw	1	-1	0
csxhjah	-1	-1	-1
d5f4qy0	2	0	2
cb1j83w	1	0	1
cj4b8ba	2	0	1
d54op7f	1	0	0
csq6nex	2	1	2
dkmekh5	1	0	0
cizn6eb	-3	0	0
cj5qwfe	1	0	0
c5foegf	2	1	1
dknsmz0	2	1	2
cswtbk6	2	2	1
dkvctbo	2	0	0
d4zbypr	2	0	0
ciqdf2j	1	0	0
djr0to0	-1	1	-2
cteze0x	0	0	0
dkj55xd	2	1	2
d50plff	-1	-2	-2
dk47e9y	2	1	-1
ctcyh0p	0	2	1
cst2t0d	2	1	-2
c5ef261	1	1	2